{
  "13": {
    "5": 1.8864519140989728
  },
  "10": {
    "1": 1.5241914947797301,
    "2": 0.2626078431372549
  },
  "21": {
    "5": 2.25981045751634
  },
  "4": {
    "7": 1.0298823529411765,
    "2": 0.8002932797050444
  },
  "8": {
    "3": 0.5165441176470589,
    "4": 1.015406162464986
  },
  "1": {
    "1": 0.5417399143565472,
    "2": 3.4820728291316523,
    "3": 2.0688172043010753
  },
  "3": {
    "6": 1.5520811833505332,
    "1": 4.244982529094112
  },
  "23": {
    "2": 0.3380610021786492
  },
  "22": {
    "1": 3.3554643635231867
  },
  "24": {
    "4": 1.2600581771170007
  },
  "2": {
    "4": 1.388235294117647,
    "1": 0.3577069716775599
  },
  "6": {
    "5": 0.5135263818551703,
    "4": 1.7087095919448858
  },
  "11": {
    "3": 1.0338461538461539,
    "1": 2.0688235294117647
  },
  "16": {
    "4": 0.35548698167791704,
    "2": 1.3753356826601608
  },
  "18": {
    "1": 1.377662512033237
  },
  "25": {
    "5": 1.0042846768336964
  },
  "20": {
    "4": 1.359659338482868
  },
  "27": {
    "3": 0.03496593765711413
  },
  "14": {
    "1": 1.024559784698193
  },
  "19": {
    "2": 2.382021229544449
  },
  "15": {
    "3": 2.7727845683728036
  },
  "5": {
    "3": 1.3797889664340313,
    "8": 0.5213398692810458
  },
  "12": {
    "2": 0.5189441930618401,
    "4": 0.35148968678380443
  },
  "17": {
    "5": 1.0182237600922721,
    "6": 1.018468720821662
  },
  "7": {
    "1": 0.34895594601476954,
    "2": 0.34863489699677336
  },
  "9": {
    "5": 1.805711173358232,
    "6": 1.0718954248366013
  },
  "30": {
    "8": 2.006917211328976
  },
  "26": {
    "6": 1.0041750700280112
  },
  "29": {
    "7": 1.0024417767106844
  }
}