{
  "13": {
    "5": 1.8863325950535252
  },
  "10": {
    "1": 1.5240276519346287,
    "2": 0.26251937984496126
  },
  "21": {
    "5": 2.2597932816537467
  },
  "4": {
    "7": 1.0290697674418605,
    "2": 0.7993204039715668
  },
  "8": {
    "3": 0.5164728682170543,
    "4": 1.0153456731529822
  },
  "1": {
    "1": 0.5416555288247349,
    "2": 0.3806755260243632,
    "3": 1.0382595648912227
  },
  "3": {
    "6": 1.5547871617027065,
    "1": 1.2190264981562033
  },
  "23": {
    "2": 0.33716954879745575
  },
  "22": {
    "1": 3.3552264058078007
  },
  "24": {
    "4": 1.25998594428827
  },
  "2": {
    "4": 1.3880715076728365,
    "1": 0.3576658053402239
  },
  "6": {
    "5": 0.513446104351695,
    "4": 1.7084564215378166
  },
  "11": {
    "3": 1.0337507453786523,
    "1": 2.068604651162791
  },
  "16": {
    "4": 0.355420002541619,
    "2": 1.3752223770228271
  },
  "18": {
    "1": 1.3775526811289385
  },
  "25": {
    "5": 1.0042391616422623
  },
  "20": {
    "4": 1.359564638634406
  },
  "27": {
    "3": 0.034961488769628304
  },
  "14": {
    "1": 1.0245022039823681
  },
  "19": {
    "2": 2.3818222882788365
  },
  "15": {
    "3": 2.7742779399756143
  },
  "5": {
    "3": 1.3796429509919852,
    "8": 0.5212855297157623
  },
  "12": {
    "2": 0.5189028026237329,
    "4": 0.351454746803584
  },
  "17": {
    "5": 1.0186795648491955,
    "6": 1.0190107050572166
  },
  "7": {
    "1": 0.3493594583710863,
    "2": 0.3490395937591993
  },
  "9": {
    "5": 1.8072166851236617,
    "6": 1.0728682170542636
  },
  "30": {
    "8": 2.005585701981051
  },
  "26": {
    "6": 1.0041362126245847
  },
  "29": {
    "7": 1.0024157570004746
  }
}