{
  "13": {
    "5": 1.886533032185206
  },
  "10": {
    "1": 1.5243028820103919,
    "2": 0.2626679841897233
  },
  "21": {
    "5": 2.2598221343873517
  },
  "4": {
    "7": 1.0292490118577076,
    "2": 0.7995350060567452
  },
  "8": {
    "3": 0.5165925559947299,
    "4": 1.015447285633621
  },
  "1": {
    "1": 0.5407523510971787,
    "2": 3.481272350837568,
    "3": 1.0375038706034498
  },
  "3": {
    "6": 1.5554538520213577,
    "1": 4.247892254167468
  },
  "23": {
    "2": 0.3380882402621533
  },
  "22": {
    "1": 3.355626137147876
  },
  "24": {
    "4": 1.2601072840203276
  },
  "2": {
    "4": 1.388346643005028,
    "1": 0.35773495827843654
  },
  "6": {
    "5": 0.5135809578654381,
    "4": 1.7088817077947511
  },
  "11": {
    "3": 1.0318435188000405,
    "1": 2.064229249011858
  },
  "16": {
    "4": 0.35553251690101295,
    "2": 1.375412712579613
  },
  "18": {
    "1": 1.3777371796835902
  },
  "25": {
    "5": 1.0043156199677938
  },
  "20": {
    "4": 1.3597237194075138
  },
  "27": {
    "3": 0.034968962197223064
  },
  "14": {
    "1": 1.0245989304812835
  },
  "19": {
    "2": 2.3821564781519013
  },
  "15": {
    "3": 2.774608022631738
  },
  "5": {
    "3": 1.3798882338491771,
    "8": 0.5213768115942029
  },
  "12": {
    "2": 0.5189723320158103,
    "4": 0.35151344044624677
  },
  "17": {
    "5": 1.0172385159597437,
    "6": 1.0172971955580652
  },
  "7": {
    "1": 0.34941951987406533,
    "2": 0.34909983155717883
  },
  "9": {
    "5": 1.8074063617541878,
    "6": 1.0729907773386034
  },
  "30": {
    "8": 2.006967501097936
  },
  "26": {
    "6": 1.0042014869188782
  },
  "29": {
    "7": 1.0024594659998387
  }
}