{
  "13": {
    "5": 1.8864118303571429
  },
  "10": {
    "1": 1.524136453823954,
    "2": 0.262578125
  },
  "21": {
    "5": 2.2598046875
  },
  "4": {
    "7": 1.029140625,
    "2": 0.7994052388583639
  },
  "8": {
    "3": 0.5165201822916666,
    "4": 1.0153858418367347
  },
  "1": {
    "1": 0.5406788793103449,
    "2": 3.4812127976190474,
    "3": 2.0681883640552994
  },
  "3": {
    "6": 1.5519599780701754,
    "1": 4.244877960849289
  },
  "23": {
    "2": 0.3380475427350427
  },
  "22": {
    "1": 3.3553844246031743
  },
  "24": {
    "4": 1.260033911401099
  },
  "2": {
    "4": 1.3881802721088434,
    "1": 0.3576931423611111
  },
  "6": {
    "5": 0.5134994136313465,
    "4": 1.7086245425112612
  },
  "11": {
    "3": 1.0338141025641026,
    "1": 2.06875
  },
  "16": {
    "4": 0.3554644808743169,
    "2": 1.375297619047619
  },
  "18": {
    "1": 1.3776256157138242
  },
  "25": {
    "5": 1.0042693865740742
  },
  "20": {
    "4": 1.3596275252525252
  },
  "27": {
    "3": 0.034964443108974355
  },
  "14": {
    "1": 1.0245404411764707
  },
  "19": {
    "2": 2.381954397713032
  },
  "15": {
    "3": 2.774408425775613
  },
  "5": {
    "3": 1.3797399143714688,
    "8": 0.5213216145833334
  },
  "12": {
    "2": 0.5189302884615384,
    "4": 0.3514779491341991
  },
  "17": {
    "5": 1.018210018382353,
    "6": 1.0184523809523809
  },
  "7": {
    "1": 0.34938320143398266,
    "2": 0.34906340651371304
  },
  "9": {
    "5": 1.8072916666666665,
    "6": 1.0729166666666667
  },
  "30": {
    "8": 2.006892361111111
  },
  "26": {
    "6": 1.0041620163690477
  },
  "29": {
    "7": 1.0024330357142857
  }
}