{
  "13": {
    "5": 1.8864519140989728
  },
  "10": {
    "1": 1.52301728772317,
    "2": 0.2619738562091503
  },
  "21": {
    "5": 2.25981045751634
  },
  "4": {
    "7": 1.0291764705882354,
    "2": 0.7994481553305083
  },
  "8": {
    "3": 0.5165441176470589,
    "4": 1.015406162464986
  },
  "1": {
    "1": 0.5417399143565472,
    "2": 3.4820728291316523,
    "3": 2.0688172043010753
  },
  "3": {
    "6": 1.5551840385276918,
    "1": 4.247659476161599
  },
  "23": {
    "2": 0.3380610021786492
  },
  "22": {
    "1": 3.3554643635231867
  },
  "24": {
    "4": 1.2600581771170007
  },
  "2": {
    "4": 1.388235294117647,
    "1": 0.3577069716775599
  },
  "6": {
    "5": 0.5135263818551703,
    "4": 1.7087095919448858
  },
  "11": {
    "3": 1.0338461538461539,
    "1": 2.0688235294117647
  },
  "16": {
    "4": 0.35548698167791704,
    "2": 1.3753356826601608
  },
  "18": {
    "1": 1.377662512033237
  },
  "25": {
    "5": 1.0042846768336964
  },
  "20": {
    "4": 1.359659338482868
  },
  "27": {
    "3": 0.03496593765711413
  },
  "14": {
    "1": 1.024559784698193
  },
  "19": {
    "2": 2.3768885448916404
  },
  "15": {
    "3": 2.774474436239142
  },
  "5": {
    "3": 1.3786473911598538,
    "8": 0.5209150326797386
  },
  "12": {
    "2": 0.5189441930618401,
    "4": 0.35148968678380443
  },
  "17": {
    "5": 1.0182237600922721,
    "6": 1.018468720821662
  },
  "7": {
    "1": 0.3493952126305067,
    "2": 0.3490754529659965
  },
  "9": {
    "5": 1.807329598506069,
    "6": 1.0729411764705883
  },
  "30": {
    "8": 2.006917211328976
  },
  "26": {
    "6": 1.0041750700280112
  },
  "29": {
    "7": 1.0024417767106844
  }
}