{
  "13": {
    "5": 1.8861397791055585
  },
  "10": {
    "1": 1.5237628868807576,
    "2": 0.2623764258555133
  },
  "21": {
    "5": 2.259765525982256
  },
  "4": {
    "7": 1.0288973384030418,
    "2": 0.7991139616614902
  },
  "8": {
    "3": 0.5163577313054499,
    "4": 1.015247924264763
  },
  "1": {
    "1": 0.5415191643721865,
    "2": 3.4818938982437078,
    "3": 2.068686373114191
  },
  "3": {
    "6": 1.5586585284504035,
    "1": 4.250657046166826
  },
  "23": {
    "2": 0.33795619251893017
  },
  "22": {
    "1": 3.3548418733779948
  },
  "24": {
    "4": 1.2598692182342373
  },
  "2": {
    "4": 1.38780683376012,
    "1": 0.35759928179129696
  },
  "6": {
    "5": 0.51331637834798,
    "4": 1.708047305860994
  },
  "11": {
    "3": 1.0335965681973287,
    "1": 2.0682509505703424
  },
  "16": {
    "4": 0.35531176629474953,
    "2": 1.3750392785594552
  },
  "18": {
    "1": 1.377375197728456
  },
  "25": {
    "5": 1.0041656104773975
  },
  "20": {
    "4": 1.3594116065598953
  },
  "27": {
    "3": 0.03495429950277859
  },
  "14": {
    "1": 1.0244091552970997
  },
  "19": {
    "2": 2.3815008052450515
  },
  "15": {
    "3": 2.773960407990826
  },
  "5": {
    "3": 1.3794069944791734,
    "8": 0.5211977186311787
  },
  "12": {
    "2": 0.5188359169347763,
    "4": 0.3513982848583609
  },
  "17": {
    "5": 1.0181167524043837,
    "6": 1.0183414810791236
  },
  "7": {
    "1": 0.3493016805754448,
    "2": 0.3489816463717893
  },
  "9": {
    "5": 1.8070342205323193,
    "6": 1.0727503168567807
  },
  "30": {
    "8": 2.006723700887199
  },
  "26": {
    "6": 1.0040734202426218
  },
  "29": {
    "7": 1.0023737099402499
  }
}