{
  "13": {
    "5": 1.8866571428571428
  },
  "10": {
    "1": 1.5244733044733045,
    "2": 0.26276
  },
  "21": {
    "5": 2.25984
  },
  "4": {
    "7": 1.02576,
    "2": 0.7953577533577534
  },
  "8": {
    "3": 0.5166666666666666,
    "4": 1.0155102040816326
  },
  "1": {
    "1": 0.5418850574712644,
    "2": 3.482190476190476,
    "3": 1.0384516129032257
  },
  "3": {
    "6": 1.5511192982456141,
    "1": 4.244152675503191
  },
  "23": {
    "2": 0.337251282051282
  },
  "22": {
    "1": 3.3558736507936504
  },
  "24": {
    "4": 1.2601824175824177
  },
  "2": {
    "4": 1.388517006802721,
    "1": 0.35777777777777775
  },
  "6": {
    "5": 0.5136644591611479,
    "4": 1.709145045045045
  },
  "11": {
    "3": 1.0340102564102565,
    "1": 2.0692
  },
  "16": {
    "4": 0.3556021857923497,
    "2": 1.3755305683563748
  },
  "18": {
    "1": 1.3778514211886304
  },
  "25": {
    "5": 1.004362962962963
  },
  "20": {
    "4": 1.359822222222222
  },
  "27": {
    "3": 0.034973589743589745
  },
  "14": {
    "1": 1.0246588235294118
  },
  "19": {
    "2": 2.382363408521303
  },
  "15": {
    "3": 2.7748124098124096
  },
  "5": {
    "3": 1.3800401129943503,
    "8": 0.5214333333333333
  },
  "12": {
    "2": 0.5190153846153847,
    "4": 0.3515497835497835
  },
  "17": {
    "5": 1.0182941176470588,
    "6": 1.0185523809523809
  },
  "7": {
    "1": 0.34945670995670997,
    "2": 0.34913713080168773
  },
  "9": {
    "5": 1.8075238095238095,
    "6": 1.0730666666666666
  },
  "30": {
    "8": 2.0070444444444444
  },
  "26": {
    "6": 1.0042419047619047
  },
  "29": {
    "7": 1.0024865306122448
  }
}