{
  "13": {
    "5": 1.8862160189746395
  },
  "10": {
    "1": 1.5192787204281457,
    "2": 0.2599553001277139
  },
  "21": {
    "5": 2.2600170285227756
  },
  "4": {
    "7": 1.029655172413793,
    "2": 0.8000212856534695
  },
  "8": {
    "3": 1.0391922094508301,
    "4": 1.015286574399875
  },
  "1": {
    "1": 0.5415730831902057,
    "2": 0.3805418719211823,
    "3": 1.0381905821282906
  },
  "3": {
    "6": 1.558946696242522,
    "1": 1.222940260355831
  },
  "23": {
    "2": 0.33798179257949373
  },
  "22": {
    "1": 3.354993918384723
  },
  "24": {
    "4": 1.2599153719843375
  },
  "2": {
    "4": 1.387911486433654,
    "1": 0.3576255853554704
  },
  "6": {
    "5": 0.5133676723080697,
    "4": 1.7082090711401055
  },
  "11": {
    "3": 1.0336575302092543,
    "1": 2.0683908045977013
  },
  "16": {
    "4": 0.35535456315558067,
    "2": 1.3751116761127884
  },
  "18": {
    "1": 1.3774453750730147
  },
  "25": {
    "5": 1.0041946927770682
  },
  "20": {
    "4": 1.3594721157939549
  },
  "27": {
    "3": 0.034957142155418015
  },
  "14": {
    "1": 1.02444594696116
  },
  "19": {
    "2": 2.3816279203756516
  },
  "15": {
    "3": 2.77408596086757
  },
  "5": {
    "3": 1.3795002922267678,
    "8": 0.5212324393358876
  },
  "12": {
    "2": 0.5188623636899499,
    "4": 0.35142061004129965
  },
  "17": {
    "5": 2.032889017676036,
    "6": 1.0189563948184637
  },
  "7": {
    "1": 0.349324526048664,
    "2": 0.34900455890198356
  },
  "9": {
    "5": 1.807106367451195,
    "6": 1.0727969348659003
  },
  "30": {
    "8": 2.005527884206045
  },
  "26": {
    "6": 1.0040982484948002
  },
  "29": {
    "7": 1.0023903354445227
  }
}